{"cameraMode":{"drawMode":0,"name":"Shaded","section":"Shading Mode"},"sceneLighting":true,"audioPlay":false,"sceneViewState":{"m_AlwaysRefresh":false,"showFog":true,"showSkybox":true,"showFlares":true,"showImageEffects":true,"showParticleSystems":true,"showVisualEffectGraphs":true,"m_FxEnabled":true},"in2DMode":false,"pivot":{"x":2.059368371963501,"y":0.7589998245239258,"z":-0.0008292198181152344},"rotation":{"x":-0.08400104194879532,"y":0.7891935706138611,"z":-0.11082043498754502,"w":-0.5982061624526978},"size":3.063499927520752,"orthographic":false}