{"cameraMode":{"drawMode":0,"name":"Shaded","section":"Shading Mode"},"sceneLighting":true,"audioPlay":false,"sceneViewState":{"m_AlwaysRefresh":false,"showFog":true,"showSkybox":true,"showFlares":true,"showImageEffects":true,"showParticleSystems":true,"showVisualEffectGraphs":true,"m_FxEnabled":true},"in2DMode":false,"pivot":{"x":0.43559521436691286,"y":0.7441695928573608,"z":-0.7163037061691284},"rotation":{"x":0.007975918240845204,"y":-0.9918932318687439,"z":0.09791679680347443,"w":0.0808144062757492},"size":0.63297039270401,"orthographic":false}