{"cameraMode":{"drawMode":0,"name":"Shaded","section":"Shading Mode"},"sceneLighting":true,"audioPlay":false,"sceneViewState":{"m_AlwaysRefresh":false,"showFog":true,"showSkybox":true,"showFlares":true,"showImageEffects":true,"showParticleSystems":true,"showVisualEffectGraphs":true,"m_FxEnabled":true},"in2DMode":false,"pivot":{"x":-4.548312187194824,"y":-1.1695119142532349,"z":0.024064162746071817},"rotation":{"x":-0.12592531740665437,"y":0.7044402360916138,"z":-0.12896877527236939,"w":-0.6867546439170837},"size":3.984187364578247,"orthographic":false}