{"cameraMode":{"drawMode":0,"name":"Shaded","section":"Shading Mode"},"sceneLighting":true,"audioPlay":false,"sceneViewState":{"m_AlwaysRefresh":false,"showFog":true,"showSkybox":false,"showFlares":true,"showImageEffects":true,"showParticleSystems":true,"showVisualEffectGraphs":true,"m_FxEnabled":true},"in2DMode":false,"pivot":{"x":-0.0921936184167862,"y":-0.26052898168563845,"z":-0.12088088691234589},"rotation":{"x":0.03198940306901932,"y":-0.879831850528717,"z":0.47054529190063479,"w":0.05971343815326691},"size":0.5517271757125855,"orthographic":false}