{"cameraMode":{"drawMode":0,"name":"Shaded","section":"Shading Mode"},"sceneLighting":true,"audioPlay":false,"sceneViewState":{"m_AlwaysRefresh":false,"showFog":true,"showSkybox":false,"showFlares":true,"showImageEffects":true,"showParticleSystems":true,"showVisualEffectGraphs":true,"m_FxEnabled":true},"in2DMode":false,"pivot":{"x":-0.05414242297410965,"y":-0.14830505847930909,"z":-0.1391189992427826},"rotation":{"x":0.03921578824520111,"y":-0.9543660283088684,"z":0.2585914433002472,"w":0.14450673758983613},"size":0.2517271637916565,"orthographic":false}