{"cameraMode":{"drawMode":0,"name":"Shaded","section":"Shading Mode"},"sceneLighting":true,"audioPlay":false,"sceneViewState":{"m_AlwaysRefresh":false,"showFog":true,"showSkybox":false,"showFlares":true,"showImageEffects":true,"showParticleSystems":true,"showVisualEffectGraphs":true,"m_FxEnabled":true},"in2DMode":false,"pivot":{"x":0.0070990025997161869,"y":0.0070191361010074619,"z":-0.011977791786193848},"rotation":{"x":-0.39645710587501528,"y":0.2788155972957611,"z":-0.12774327397346497,"w":-0.865346372127533},"size":0.9511765837669373,"orthographic":false}