{"cameraMode":{"drawMode":0,"name":"Shaded","section":"Shading Mode"},"sceneLighting":true,"audioPlay":false,"sceneViewState":{"m_AlwaysRefresh":false,"showFog":true,"showSkybox":false,"showFlares":true,"showImageEffects":true,"showParticleSystems":true,"showVisualEffectGraphs":true,"m_FxEnabled":true},"in2DMode":false,"pivot":{"x":-0.2691194713115692,"y":-15.532851219177246,"z":11.227090835571289},"rotation":{"x":-0.45667845010757449,"y":0.013878013007342816,"z":-0.007122986484318972,"w":-0.8895154595375061},"size":9.939343452453614,"orthographic":false}