{"cameraMode":{"drawMode":0,"name":"Shaded","section":"Shading Mode"},"sceneLighting":true,"audioPlay":false,"sceneViewState":{"m_AlwaysRefresh":false,"showFog":true,"showSkybox":false,"showFlares":true,"showImageEffects":true,"showParticleSystems":true,"showVisualEffectGraphs":true,"m_FxEnabled":true},"in2DMode":false,"pivot":{"x":0.9029558897018433,"y":0.7201318740844727,"z":-0.33227699995040896},"rotation":{"x":-0.5086924433708191,"y":0.04052147641777992,"z":-0.02397427149116993,"w":-0.8596804141998291},"size":1.6573231220245362,"orthographic":false}