{"cameraMode":{"drawMode":0,"name":"Shaded","section":"Shading Mode"},"sceneLighting":true,"audioPlay":false,"sceneViewState":{"m_AlwaysRefresh":false,"showFog":true,"showSkybox":false,"showFlares":true,"showImageEffects":true,"showParticleSystems":true,"showVisualEffectGraphs":true,"m_FxEnabled":true},"in2DMode":false,"pivot":{"x":4.486755847930908,"y":-14.152677536010743,"z":13.916114807128907},"rotation":{"x":-0.37063682079315188,"y":-0.14430132508277894,"z":0.0583927296102047,"w":-0.9156680703163147},"size":10.657793998718262,"orthographic":false}