{"cameraMode":{"drawMode":0,"name":"Shaded","section":"Shading Mode"},"sceneLighting":true,"audioPlay":false,"sceneViewState":{"m_AlwaysRefresh":false,"showFog":true,"showSkybox":false,"showFlares":true,"showImageEffects":true,"showParticleSystems":true,"showVisualEffectGraphs":true,"m_FxEnabled":true},"in2DMode":false,"pivot":{"x":13.643048286437989,"y":21.310657501220704,"z":15.340940475463868},"rotation":{"x":-0.5086924433708191,"y":0.04052147641777992,"z":-0.02397427149116993,"w":-0.8596804141998291},"size":0.3511764705181122,"orthographic":false}