{"cameraMode":{"drawMode":0,"name":"Shaded","section":"Shading Mode"},"sceneLighting":false,"audioPlay":false,"sceneViewState":{"m_AlwaysRefresh":false,"showFog":true,"showSkybox":false,"showFlares":true,"showImageEffects":true,"showParticleSystems":true,"showVisualEffectGraphs":true,"m_FxEnabled":true},"in2DMode":false,"pivot":{"x":-26.677444458007814,"y":-21.202369689941408,"z":13.686187744140625},"rotation":{"x":-0.5338603854179382,"y":0.06278175115585327,"z":-0.039792247116565707,"w":-0.8423057198524475},"size":53.92970275878906,"orthographic":false}