{"cameraMode":{"drawMode":0,"name":"Shaded","section":"Shading Mode"},"sceneLighting":false,"audioPlay":false,"sceneViewState":{"m_AlwaysRefresh":false,"showFog":true,"showSkybox":false,"showFlares":true,"showImageEffects":true,"showParticleSystems":true,"showVisualEffectGraphs":true,"m_FxEnabled":true},"in2DMode":false,"pivot":{"x":-0.08764225244522095,"y":-0.5802295207977295,"z":-0.7326130270957947},"rotation":{"x":0.0037528476677834989,"y":0.9378401041030884,"z":-0.34692564606666567,"w":0.010129380971193314},"size":0.7161039710044861,"orthographic":false}