{"cameraMode":{"drawMode":0,"name":"Shaded","section":"Shading Mode"},"sceneLighting":false,"audioPlay":false,"sceneViewState":{"m_AlwaysRefresh":false,"showFog":true,"showSkybox":false,"showFlares":true,"showImageEffects":true,"showParticleSystems":true,"showVisualEffectGraphs":true,"m_FxEnabled":true},"in2DMode":false,"pivot":{"x":0.034242451190948489,"y":-0.05162603780627251,"z":-1.5507880449295045},"rotation":{"x":-0.18909905850887299,"y":0.7748420238494873,"z":-0.27218300104141238,"w":-0.538326621055603},"size":1.8866550922393799,"orthographic":false}