{"cameraMode":{"drawMode":0,"name":"Shaded","section":"Shading Mode"},"sceneLighting":false,"audioPlay":false,"sceneViewState":{"m_AlwaysRefresh":false,"showFog":true,"showSkybox":false,"showFlares":true,"showImageEffects":true,"showParticleSystems":true,"showVisualEffectGraphs":true,"m_FxEnabled":true},"in2DMode":false,"pivot":{"x":0.13251924514770509,"y":-0.17317485809326173,"z":-1.5232961177825928},"rotation":{"x":-0.19992831349372865,"y":0.769756019115448,"z":-0.2886938750743866,"w":-0.5330832004547119},"size":1.5866551399230958,"orthographic":false}