{"cameraMode":{"drawMode":0,"name":"Shaded","section":"Shading Mode"},"sceneLighting":true,"audioPlay":false,"sceneViewState":{"m_AlwaysRefresh":false,"showFog":true,"showSkybox":false,"showFlares":true,"showImageEffects":true,"showParticleSystems":true,"showVisualEffectGraphs":true,"m_FxEnabled":true},"in2DMode":false,"pivot":{"x":-0.011859076097607613,"y":0.006102131679654121,"z":-0.048697661608457568},"rotation":{"x":0.00040583161171525717,"y":0.9995914697647095,"z":-0.025805430486798288,"w":0.015299186110496521},"size":0.09873422235250473,"orthographic":false}