{"cameraMode":{"drawMode":0,"name":"Shaded","section":"Shading Mode"},"sceneLighting":false,"audioPlay":false,"sceneViewState":{"m_AlwaysRefresh":false,"showFog":true,"showSkybox":false,"showFlares":true,"showImageEffects":true,"showParticleSystems":true,"showVisualEffectGraphs":true,"m_FxEnabled":true},"in2DMode":false,"pivot":{"x":1.2119849920272828,"y":2.045077323913574,"z":1.8946096897125245},"rotation":{"x":-0.08199908584356308,"y":0.6906023025512695,"z":-0.07928624749183655,"w":-0.7142033576965332},"size":0.04487109184265137,"orthographic":false}