{"cameraMode":{"drawMode":0,"name":"Shaded","section":"Shading Mode"},"sceneLighting":false,"audioPlay":false,"sceneViewState":{"m_AlwaysRefresh":false,"showFog":true,"showSkybox":false,"showFlares":true,"showImageEffects":true,"showParticleSystems":true,"showVisualEffectGraphs":true,"m_FxEnabled":true},"in2DMode":false,"pivot":{"x":0.08441464602947235,"y":1.9552383422851563,"z":2.066938877105713},"rotation":{"x":-0.06245376542210579,"y":0.7072778344154358,"z":-0.06297669559717179,"w":-0.7013617753982544},"size":0.8660253882408142,"orthographic":false}